Cluster,Segment_Name,Target_Description,Retention_Strategy,Cross_Sell_Opportunity,Communication_Channel,Priority
0,Segment 0,Mixed customer group,"General satisfaction monitoring, standard offers",Targeted based on usage patterns,Standard mix of channels,Medium
1,High-Value At-Risk,High-spending customers with elevated churn risk,"Premium retention offers, dedicated account manager, loyalty rewards",Premium services with extended free trial periods,"Personal phone call, personalized email",High
2,Stable Budget,Loyal customers with lower spending,"Maintain service quality, occasional rewards",Gradual upgrade path with clear value proposition,"Email newsletters, app notifications",Low
3,Loyal High-Value,High-spending loyal customers,"Recognition program, early access to new features, status benefits","Premium services, partner products","Personalized email, app notifications",Medium
4,Stable Budget,Loyal customers with lower spending,"Maintain service quality, occasional rewards",Gradual upgrade path with clear value proposition,"Email newsletters, app notifications",Low
5,Segment 5,Mixed customer group,"General satisfaction monitoring, standard offers",Targeted based on usage patterns,Standard mix of channels,Medium
6,Segment 6,Mixed customer group,"General satisfaction monitoring, standard offers",Targeted based on usage patterns,Standard mix of channels,Medium
7,High-Value At-Risk,High-spending customers with elevated churn risk,"Premium retention offers, dedicated account manager, loyalty rewards",Premium services with extended free trial periods,"Personal phone call, personalized email",High
8,Stable Budget,Loyal customers with lower spending,"Maintain service quality, occasional rewards",Gradual upgrade path with clear value proposition,"Email newsletters, app notifications",Low
9,High-Value At-Risk,High-spending customers with elevated churn risk,"Premium retention offers, dedicated account manager, loyalty rewards",Premium services with extended free trial periods,"Personal phone call, personalized email",High
10,High-Value At-Risk,High-spending customers with elevated churn risk,"Premium retention offers, dedicated account manager, loyalty rewards",Premium services with extended free trial periods,"Personal phone call, personalized email",High
11,High-Value At-Risk,High-spending customers with elevated churn risk,"Premium retention offers, dedicated account manager, loyalty rewards",Premium services with extended free trial periods,"Personal phone call, personalized email",High
12,Stable Budget,Loyal customers with lower spending,"Maintain service quality, occasional rewards",Gradual upgrade path with clear value proposition,"Email newsletters, app notifications",Low
13,Stable Budget,Loyal customers with lower spending,"Maintain service quality, occasional rewards",Gradual upgrade path with clear value proposition,"Email newsletters, app notifications",Low
14,Segment 14,Mixed customer group,"General satisfaction monitoring, standard offers",Targeted based on usage patterns,Standard mix of channels,Medium
15,Stable Budget,Loyal customers with lower spending,"Maintain service quality, occasional rewards",Gradual upgrade path with clear value proposition,"Email newsletters, app notifications",Low
16,Stable Budget,Loyal customers with lower spending,"Maintain service quality, occasional rewards",Gradual upgrade path with clear value proposition,"Email newsletters, app notifications",Low
17,Stable Budget,Loyal customers with lower spending,"Maintain service quality, occasional rewards",Gradual upgrade path with clear value proposition,"Email newsletters, app notifications",Low
18,Stable Budget,Loyal customers with lower spending,"Maintain service quality, occasional rewards",Gradual upgrade path with clear value proposition,"Email newsletters, app notifications",Low
19,Stable Budget,Loyal customers with lower spending,"Maintain service quality, occasional rewards",Gradual upgrade path with clear value proposition,"Email newsletters, app notifications",Low
20,Stable Budget,Loyal customers with lower spending,"Maintain service quality, occasional rewards",Gradual upgrade path with clear value proposition,"Email newsletters, app notifications",Low
21,Stable Budget,Loyal customers with lower spending,"Maintain service quality, occasional rewards",Gradual upgrade path with clear value proposition,"Email newsletters, app notifications",Low
22,High-Value At-Risk,High-spending customers with elevated churn risk,"Premium retention offers, dedicated account manager, loyalty rewards",Premium services with extended free trial periods,"Personal phone call, personalized email",High
23,Stable Budget,Loyal customers with lower spending,"Maintain service quality, occasional rewards",Gradual upgrade path with clear value proposition,"Email newsletters, app notifications",Low
24,Price-Sensitive Churners,Budget-conscious customers with high churn risk,"Economical plan options, bundled discounts",Basic add-ons with clear cost-benefit messaging,"Email, SMS",Medium-High
25,Stable Budget,Loyal customers with lower spending,"Maintain service quality, occasional rewards",Gradual upgrade path with clear value proposition,"Email newsletters, app notifications",Low
26,Stable Budget,Loyal customers with lower spending,"Maintain service quality, occasional rewards",Gradual upgrade path with clear value proposition,"Email newsletters, app notifications",Low
27,Stable Budget,Loyal customers with lower spending,"Maintain service quality, occasional rewards",Gradual upgrade path with clear value proposition,"Email newsletters, app notifications",Low
28,Price-Sensitive Churners,Budget-conscious customers with high churn risk,"Economical plan options, bundled discounts",Basic add-ons with clear cost-benefit messaging,"Email, SMS",Medium-High
29,Stable Budget,Loyal customers with lower spending,"Maintain service quality, occasional rewards",Gradual upgrade path with clear value proposition,"Email newsletters, app notifications",Low
30,Stable Budget,Loyal customers with lower spending,"Maintain service quality, occasional rewards",Gradual upgrade path with clear value proposition,"Email newsletters, app notifications",Low
31,Price-Sensitive Churners,Budget-conscious customers with high churn risk,"Economical plan options, bundled discounts",Basic add-ons with clear cost-benefit messaging,"Email, SMS",Medium-High
32,High-Value At-Risk,High-spending customers with elevated churn risk,"Premium retention offers, dedicated account manager, loyalty rewards",Premium services with extended free trial periods,"Personal phone call, personalized email",High
33,Segment 33,Mixed customer group,"General satisfaction monitoring, standard offers",Targeted based on usage patterns,Standard mix of channels,Medium
34,High-Value At-Risk,High-spending customers with elevated churn risk,"Premium retention offers, dedicated account manager, loyalty rewards",Premium services with extended free trial periods,"Personal phone call, personalized email",High
35,Segment 35,Mixed customer group,"General satisfaction monitoring, standard offers",Targeted based on usage patterns,Standard mix of channels,Medium
36,Price-Sensitive Churners,Budget-conscious customers with high churn risk,"Economical plan options, bundled discounts",Basic add-ons with clear cost-benefit messaging,"Email, SMS",Medium-High
37,Segment 37,Mixed customer group,"General satisfaction monitoring, standard offers",Targeted based on usage patterns,Standard mix of channels,Medium
38,Segment 38,Mixed customer group,"General satisfaction monitoring, standard offers",Targeted based on usage patterns,Standard mix of channels,Medium
39,High-Value At-Risk,High-spending customers with elevated churn risk,"Premium retention offers, dedicated account manager, loyalty rewards",Premium services with extended free trial periods,"Personal phone call, personalized email",High
40,High-Value At-Risk,High-spending customers with elevated churn risk,"Premium retention offers, dedicated account manager, loyalty rewards",Premium services with extended free trial periods,"Personal phone call, personalized email",High
41,Segment 41,Mixed customer group,"General satisfaction monitoring, standard offers",Targeted based on usage patterns,Standard mix of channels,Medium
42,High-Value At-Risk,High-spending customers with elevated churn risk,"Premium retention offers, dedicated account manager, loyalty rewards",Premium services with extended free trial periods,"Personal phone call, personalized email",High
43,High-Value At-Risk,High-spending customers with elevated churn risk,"Premium retention offers, dedicated account manager, loyalty rewards",Premium services with extended free trial periods,"Personal phone call, personalized email",High
44,High-Value At-Risk,High-spending customers with elevated churn risk,"Premium retention offers, dedicated account manager, loyalty rewards",Premium services with extended free trial periods,"Personal phone call, personalized email",High
45,Stable Budget,Loyal customers with lower spending,"Maintain service quality, occasional rewards",Gradual upgrade path with clear value proposition,"Email newsletters, app notifications",Low
46,Segment 46,Mixed customer group,"General satisfaction monitoring, standard offers",Targeted based on usage patterns,Standard mix of channels,Medium
47,High-Value At-Risk,High-spending customers with elevated churn risk,"Premium retention offers, dedicated account manager, loyalty rewards",Premium services with extended free trial periods,"Personal phone call, personalized email",High
48,Stable Budget,Loyal customers with lower spending,"Maintain service quality, occasional rewards",Gradual upgrade path with clear value proposition,"Email newsletters, app notifications",Low
49,Stable Budget,Loyal customers with lower spending,"Maintain service quality, occasional rewards",Gradual upgrade path with clear value proposition,"Email newsletters, app notifications",Low
50,High-Value At-Risk,High-spending customers with elevated churn risk,"Premium retention offers, dedicated account manager, loyalty rewards",Premium services with extended free trial periods,"Personal phone call, personalized email",High
51,Stable Budget,Loyal customers with lower spending,"Maintain service quality, occasional rewards",Gradual upgrade path with clear value proposition,"Email newsletters, app notifications",Low
52,Loyal High-Value,High-spending loyal customers,"Recognition program, early access to new features, status benefits","Premium services, partner products","Personalized email, app notifications",Medium
53,High-Value At-Risk,High-spending customers with elevated churn risk,"Premium retention offers, dedicated account manager, loyalty rewards",Premium services with extended free trial periods,"Personal phone call, personalized email",High
54,Stable Budget,Loyal customers with lower spending,"Maintain service quality, occasional rewards",Gradual upgrade path with clear value proposition,"Email newsletters, app notifications",Low
55,High-Value At-Risk,High-spending customers with elevated churn risk,"Premium retention offers, dedicated account manager, loyalty rewards",Premium services with extended free trial periods,"Personal phone call, personalized email",High
56,Stable Budget,Loyal customers with lower spending,"Maintain service quality, occasional rewards",Gradual upgrade path with clear value proposition,"Email newsletters, app notifications",Low
57,Segment 57,Mixed customer group,"General satisfaction monitoring, standard offers",Targeted based on usage patterns,Standard mix of channels,Medium
58,Stable Budget,Loyal customers with lower spending,"Maintain service quality, occasional rewards",Gradual upgrade path with clear value proposition,"Email newsletters, app notifications",Low
59,Segment 59,Mixed customer group,"General satisfaction monitoring, standard offers",Targeted based on usage patterns,Standard mix of channels,Medium
60,Price-Sensitive Churners,Budget-conscious customers with high churn risk,"Economical plan options, bundled discounts",Basic add-ons with clear cost-benefit messaging,"Email, SMS",Medium-High
61,Stable Budget,Loyal customers with lower spending,"Maintain service quality, occasional rewards",Gradual upgrade path with clear value proposition,"Email newsletters, app notifications",Low
62,High-Value At-Risk,High-spending customers with elevated churn risk,"Premium retention offers, dedicated account manager, loyalty rewards",Premium services with extended free trial periods,"Personal phone call, personalized email",High
63,Segment 63,Mixed customer group,"General satisfaction monitoring, standard offers",Targeted based on usage patterns,Standard mix of channels,Medium
64,High-Value At-Risk,High-spending customers with elevated churn risk,"Premium retention offers, dedicated account manager, loyalty rewards",Premium services with extended free trial periods,"Personal phone call, personalized email",High
65,Stable Budget,Loyal customers with lower spending,"Maintain service quality, occasional rewards",Gradual upgrade path with clear value proposition,"Email newsletters, app notifications",Low
66,Stable Budget,Loyal customers with lower spending,"Maintain service quality, occasional rewards",Gradual upgrade path with clear value proposition,"Email newsletters, app notifications",Low
67,High-Value At-Risk,High-spending customers with elevated churn risk,"Premium retention offers, dedicated account manager, loyalty rewards",Premium services with extended free trial periods,"Personal phone call, personalized email",High
68,Loyal High-Value,High-spending loyal customers,"Recognition program, early access to new features, status benefits","Premium services, partner products","Personalized email, app notifications",Medium
69,Stable Budget,Loyal customers with lower spending,"Maintain service quality, occasional rewards",Gradual upgrade path with clear value proposition,"Email newsletters, app notifications",Low
70,Segment 70,Mixed customer group,"General satisfaction monitoring, standard offers",Targeted based on usage patterns,Standard mix of channels,Medium
71,Segment 71,Mixed customer group,"General satisfaction monitoring, standard offers",Targeted based on usage patterns,Standard mix of channels,Medium
72,Loyal High-Value,High-spending loyal customers,"Recognition program, early access to new features, status benefits","Premium services, partner products","Personalized email, app notifications",Medium
73,Stable Budget,Loyal customers with lower spending,"Maintain service quality, occasional rewards",Gradual upgrade path with clear value proposition,"Email newsletters, app notifications",Low
74,Price-Sensitive Churners,Budget-conscious customers with high churn risk,"Economical plan options, bundled discounts",Basic add-ons with clear cost-benefit messaging,"Email, SMS",Medium-High
75,Loyal High-Value,High-spending loyal customers,"Recognition program, early access to new features, status benefits","Premium services, partner products","Personalized email, app notifications",Medium
76,High-Value At-Risk,High-spending customers with elevated churn risk,"Premium retention offers, dedicated account manager, loyalty rewards",Premium services with extended free trial periods,"Personal phone call, personalized email",High
77,Price-Sensitive Churners,Budget-conscious customers with high churn risk,"Economical plan options, bundled discounts",Basic add-ons with clear cost-benefit messaging,"Email, SMS",Medium-High
78,High-Value At-Risk,High-spending customers with elevated churn risk,"Premium retention offers, dedicated account manager, loyalty rewards",Premium services with extended free trial periods,"Personal phone call, personalized email",High
79,Stable Budget,Loyal customers with lower spending,"Maintain service quality, occasional rewards",Gradual upgrade path with clear value proposition,"Email newsletters, app notifications",Low
80,High-Value At-Risk,High-spending customers with elevated churn risk,"Premium retention offers, dedicated account manager, loyalty rewards",Premium services with extended free trial periods,"Personal phone call, personalized email",High
81,Price-Sensitive Churners,Budget-conscious customers with high churn risk,"Economical plan options, bundled discounts",Basic add-ons with clear cost-benefit messaging,"Email, SMS",Medium-High
82,High-Value At-Risk,High-spending customers with elevated churn risk,"Premium retention offers, dedicated account manager, loyalty rewards",Premium services with extended free trial periods,"Personal phone call, personalized email",High
83,Stable Budget,Loyal customers with lower spending,"Maintain service quality, occasional rewards",Gradual upgrade path with clear value proposition,"Email newsletters, app notifications",Low
84,Loyal High-Value,High-spending loyal customers,"Recognition program, early access to new features, status benefits","Premium services, partner products","Personalized email, app notifications",Medium
85,High-Value At-Risk,High-spending customers with elevated churn risk,"Premium retention offers, dedicated account manager, loyalty rewards",Premium services with extended free trial periods,"Personal phone call, personalized email",High
86,High-Value At-Risk,High-spending customers with elevated churn risk,"Premium retention offers, dedicated account manager, loyalty rewards",Premium services with extended free trial periods,"Personal phone call, personalized email",High
87,Segment 87,Mixed customer group,"General satisfaction monitoring, standard offers",Targeted based on usage patterns,Standard mix of channels,Medium
88,High-Value At-Risk,High-spending customers with elevated churn risk,"Premium retention offers, dedicated account manager, loyalty rewards",Premium services with extended free trial periods,"Personal phone call, personalized email",High
89,Stable Budget,Loyal customers with lower spending,"Maintain service quality, occasional rewards",Gradual upgrade path with clear value proposition,"Email newsletters, app notifications",Low
90,Stable Budget,Loyal customers with lower spending,"Maintain service quality, occasional rewards",Gradual upgrade path with clear value proposition,"Email newsletters, app notifications",Low
91,High-Value At-Risk,High-spending customers with elevated churn risk,"Premium retention offers, dedicated account manager, loyalty rewards",Premium services with extended free trial periods,"Personal phone call, personalized email",High
92,Segment 92,Mixed customer group,"General satisfaction monitoring, standard offers",Targeted based on usage patterns,Standard mix of channels,Medium
93,High-Value At-Risk,High-spending customers with elevated churn risk,"Premium retention offers, dedicated account manager, loyalty rewards",Premium services with extended free trial periods,"Personal phone call, personalized email",High
94,High-Value At-Risk,High-spending customers with elevated churn risk,"Premium retention offers, dedicated account manager, loyalty rewards",Premium services with extended free trial periods,"Personal phone call, personalized email",High
95,High-Value At-Risk,High-spending customers with elevated churn risk,"Premium retention offers, dedicated account manager, loyalty rewards",Premium services with extended free trial periods,"Personal phone call, personalized email",High
96,Stable Budget,Loyal customers with lower spending,"Maintain service quality, occasional rewards",Gradual upgrade path with clear value proposition,"Email newsletters, app notifications",Low
97,Stable Budget,Loyal customers with lower spending,"Maintain service quality, occasional rewards",Gradual upgrade path with clear value proposition,"Email newsletters, app notifications",Low
98,Stable Budget,Loyal customers with lower spending,"Maintain service quality, occasional rewards",Gradual upgrade path with clear value proposition,"Email newsletters, app notifications",Low
99,High-Value At-Risk,High-spending customers with elevated churn risk,"Premium retention offers, dedicated account manager, loyalty rewards",Premium services with extended free trial periods,"Personal phone call, personalized email",High
100,Stable Budget,Loyal customers with lower spending,"Maintain service quality, occasional rewards",Gradual upgrade path with clear value proposition,"Email newsletters, app notifications",Low
101,Price-Sensitive Churners,Budget-conscious customers with high churn risk,"Economical plan options, bundled discounts",Basic add-ons with clear cost-benefit messaging,"Email, SMS",Medium-High
102,Segment 102,Mixed customer group,"General satisfaction monitoring, standard offers",Targeted based on usage patterns,Standard mix of channels,Medium
103,Stable Budget,Loyal customers with lower spending,"Maintain service quality, occasional rewards",Gradual upgrade path with clear value proposition,"Email newsletters, app notifications",Low
104,Price-Sensitive Churners,Budget-conscious customers with high churn risk,"Economical plan options, bundled discounts",Basic add-ons with clear cost-benefit messaging,"Email, SMS",Medium-High
105,High-Value At-Risk,High-spending customers with elevated churn risk,"Premium retention offers, dedicated account manager, loyalty rewards",Premium services with extended free trial periods,"Personal phone call, personalized email",High
106,Price-Sensitive Churners,Budget-conscious customers with high churn risk,"Economical plan options, bundled discounts",Basic add-ons with clear cost-benefit messaging,"Email, SMS",Medium-High
107,High-Value At-Risk,High-spending customers with elevated churn risk,"Premium retention offers, dedicated account manager, loyalty rewards",Premium services with extended free trial periods,"Personal phone call, personalized email",High
108,Loyal High-Value,High-spending loyal customers,"Recognition program, early access to new features, status benefits","Premium services, partner products","Personalized email, app notifications",Medium
109,High-Value At-Risk,High-spending customers with elevated churn risk,"Premium retention offers, dedicated account manager, loyalty rewards",Premium services with extended free trial periods,"Personal phone call, personalized email",High
110,High-Value At-Risk,High-spending customers with elevated churn risk,"Premium retention offers, dedicated account manager, loyalty rewards",Premium services with extended free trial periods,"Personal phone call, personalized email",High
111,Loyal High-Value,High-spending loyal customers,"Recognition program, early access to new features, status benefits","Premium services, partner products","Personalized email, app notifications",Medium
112,High-Value At-Risk,High-spending customers with elevated churn risk,"Premium retention offers, dedicated account manager, loyalty rewards",Premium services with extended free trial periods,"Personal phone call, personalized email",High
113,Price-Sensitive Churners,Budget-conscious customers with high churn risk,"Economical plan options, bundled discounts",Basic add-ons with clear cost-benefit messaging,"Email, SMS",Medium-High
114,High-Value At-Risk,High-spending customers with elevated churn risk,"Premium retention offers, dedicated account manager, loyalty rewards",Premium services with extended free trial periods,"Personal phone call, personalized email",High
115,Segment 115,Mixed customer group,"General satisfaction monitoring, standard offers",Targeted based on usage patterns,Standard mix of channels,Medium
116,High-Value At-Risk,High-spending customers with elevated churn risk,"Premium retention offers, dedicated account manager, loyalty rewards",Premium services with extended free trial periods,"Personal phone call, personalized email",High
117,Segment 117,Mixed customer group,"General satisfaction monitoring, standard offers",Targeted based on usage patterns,Standard mix of channels,Medium
118,High-Value At-Risk,High-spending customers with elevated churn risk,"Premium retention offers, dedicated account manager, loyalty rewards",Premium services with extended free trial periods,"Personal phone call, personalized email",High
119,Stable Budget,Loyal customers with lower spending,"Maintain service quality, occasional rewards",Gradual upgrade path with clear value proposition,"Email newsletters, app notifications",Low
120,High-Value At-Risk,High-spending customers with elevated churn risk,"Premium retention offers, dedicated account manager, loyalty rewards",Premium services with extended free trial periods,"Personal phone call, personalized email",High
121,High-Value At-Risk,High-spending customers with elevated churn risk,"Premium retention offers, dedicated account manager, loyalty rewards",Premium services with extended free trial periods,"Personal phone call, personalized email",High
122,High-Value At-Risk,High-spending customers with elevated churn risk,"Premium retention offers, dedicated account manager, loyalty rewards",Premium services with extended free trial periods,"Personal phone call, personalized email",High
123,High-Value At-Risk,High-spending customers with elevated churn risk,"Premium retention offers, dedicated account manager, loyalty rewards",Premium services with extended free trial periods,"Personal phone call, personalized email",High
124,Segment 124,Mixed customer group,"General satisfaction monitoring, standard offers",Targeted based on usage patterns,Standard mix of channels,Medium
125,Stable Budget,Loyal customers with lower spending,"Maintain service quality, occasional rewards",Gradual upgrade path with clear value proposition,"Email newsletters, app notifications",Low
126,Stable Budget,Loyal customers with lower spending,"Maintain service quality, occasional rewards",Gradual upgrade path with clear value proposition,"Email newsletters, app notifications",Low
127,High-Value At-Risk,High-spending customers with elevated churn risk,"Premium retention offers, dedicated account manager, loyalty rewards",Premium services with extended free trial periods,"Personal phone call, personalized email",High
128,Stable Budget,Loyal customers with lower spending,"Maintain service quality, occasional rewards",Gradual upgrade path with clear value proposition,"Email newsletters, app notifications",Low
129,Segment 129,Mixed customer group,"General satisfaction monitoring, standard offers",Targeted based on usage patterns,Standard mix of channels,Medium
130,High-Value At-Risk,High-spending customers with elevated churn risk,"Premium retention offers, dedicated account manager, loyalty rewards",Premium services with extended free trial periods,"Personal phone call, personalized email",High
131,Price-Sensitive Churners,Budget-conscious customers with high churn risk,"Economical plan options, bundled discounts",Basic add-ons with clear cost-benefit messaging,"Email, SMS",Medium-High
132,High-Value At-Risk,High-spending customers with elevated churn risk,"Premium retention offers, dedicated account manager, loyalty rewards",Premium services with extended free trial periods,"Personal phone call, personalized email",High
133,High-Value At-Risk,High-spending customers with elevated churn risk,"Premium retention offers, dedicated account manager, loyalty rewards",Premium services with extended free trial periods,"Personal phone call, personalized email",High
134,High-Value At-Risk,High-spending customers with elevated churn risk,"Premium retention offers, dedicated account manager, loyalty rewards",Premium services with extended free trial periods,"Personal phone call, personalized email",High
135,High-Value At-Risk,High-spending customers with elevated churn risk,"Premium retention offers, dedicated account manager, loyalty rewards",Premium services with extended free trial periods,"Personal phone call, personalized email",High
136,Segment 136,Mixed customer group,"General satisfaction monitoring, standard offers",Targeted based on usage patterns,Standard mix of channels,Medium
137,Segment 137,Mixed customer group,"General satisfaction monitoring, standard offers",Targeted based on usage patterns,Standard mix of channels,Medium
